USE "203TN";
INSERT INTO Clients (client_id, name, contact_phone, email) VALUES
(1, 'John Smith', '555-1234', 'john.smith@example.com'),
(2, 'Jane Doe', '555-5678', 'jane.doe@example.com'),
(3, 'Bob Johnson', '555-9012', 'bob.johnson@example.com'),
(4, 'Alice Brown', '555-3456', 'alice.brown@example.com'),
(5, 'Tom Davis', '555-7890', 'tom.davis@example.com'),
(6, 'Samantha Green', '555-2345', 'samantha.green@example.com'),
(7, 'Mike Lee', '555-6789', 'mike.lee@example.com'),
(8, 'Emily Taylor', '555-0123', 'emily.taylor@example.com'),
(9, 'David Clark', '555-4567', 'david.clark@example.com'),
(10, 'Amy Adams', '555-8901', 'amy.adams@example.com'),
(11, 'Andrew White', '555-2345', 'andrew.white@example.com'),
(12, 'Megan Wilson', '555-6789', 'megan.wilson@example.com'),
(13, 'Brian Carter', '555-0123', 'brian.carter@example.com'),
(14, 'Kelly Davis', '555-4567', 'kelly.davis@example.com'),
(15, 'Scott Brown', '555-8901', 'scott.brown@example.com'),
(16, 'Lauren Green', '555-2345', 'lauren.green@example.com'),
(17, 'Jacob Lee', '555-6789', 'jacob.lee@example.com'),
(18, 'Katie Taylor', '555-0123', 'katie.taylor@example.com'),
(19, 'Eric Clark', '555-4567', 'eric.clark@example.com'),
(20, 'Olivia Adams', '555-8901', 'olivia.adams@example.com');

INSERT INTO Service_Types (service_type_id, name) VALUES
(1, 'Cleaning'),
(2, 'Plumbing'),
(3, 'Electricity'),
(4, 'Carpentry'),
(5, 'Landscaping'),
(6, 'Painting'),
(7, 'HVAC'),
(8, 'Appliance Repair'),
(9, 'General Handyman');

INSERT INTO Services (service_id, name, price, service_type_id) VALUES
(1, 'House Cleaning', 75.00, 1),
(2, 'Faucet Repair', 125.00, 2),
(3, 'Ceiling Fan Installation', 150.00, 3),
(4, 'Deck Repair', 200.00, 4),
(5, 'Lawn Mowing', 50.00, 5),
(6, 'Interior Painting', 300.00, 6),
(7, 'Air Conditioner Repair', 175.00, 7),
(8, 'Dishwasher Installation', 100.00, 8),
(9, 'Furniture Assembly', 75.00, 9),
(10, 'Gutter Cleaning', 125.00, 1),
(11, 'Toilet Replacement', 200.00, 2),
(12, 'Outlet Installation', 75.00, 3),
(13, 'Fence Repair', 250.00, 4),
(14, 'Hedge Trimming', 75.00, 5),
(15, 'Exterior Painting',450.00, 6),
(16, 'Heater Installation', 300.00, 7),
(17, 'Oven Repair', 125.00, 8),
(18, 'Shelving Installation', 75.00, 9),
(19, 'Window Cleaning', 100.00, 1),
(20, 'Sink Replacement', 175.00, 2);

INSERT INTO Executors (executor_id, name, contact_phone, email) VALUES
(1, 'Mark Johnson', '555-1234', 'mark.johnson@example.com'),
(2, 'Sarah Davis', '555-5678', 'sarah.davis@example.com'),
(3, 'Chris Brown', '555-9012', 'chris.brown@example.com'),
(4, 'Megan Wilson', '555-3456', 'megan.wilson@example.com'),
(5, 'Andrew Lee', '555-7890', 'andrew.lee@example.com'),
(6, 'Laura Taylor', '555-2345', 'laura.taylor@example.com'),
(7, 'John Clark', '555-6789', 'john.clark@example.com'),
(8, 'Samantha Green', '555-0123', 'samantha.green@example.com'),
(9, 'David White', '555-4567', 'david.white@example.com'),
(10, 'Emily Carter', '555-8901', 'emily.carter@example.com'),
(11, 'Mike Johnson', '555-2345', 'mike.johnson@example.com'),
(12, 'Kelly Davis', '555-6789', 'kelly.davis@example.com'),
(13, 'Scott Brown', '555-0123', 'scott.brown@example.com'),
(14, 'Lauren Wilson', '555-4567', 'lauren.wilson@example.com'),
(15, 'Jacob Lee', '555-8901', 'jacob.lee@example.com'),
(16, 'Katie Taylor', '555-2345', 'katie.taylor@example.com'),
(17, 'Eric Clark', '555-6789', 'eric.clark@example.com'),
(18, 'Olivia Green', '555-0123', 'olivia.green@example.com'),
(19, 'Brian White', '555-4567', 'brian.white@example.com'),
(20, 'Amy Carter', '555-8901', 'amy.carter@example.com');

INSERT INTO Service_Provision (service_provision_id, client_id, executor_id, service_id, cost, provision_date) VALUES
(1, 1, 1, 1, 75.00, '2022-03-01'),
(2, 2, 2, 2, 125.00, '2022-03-02'),
(3, 3, 3, 3, 150.00, '2022-03-03'),
(4, 4, 4, 4, 200.00, '2022-03-04'),
(5, 5, 5, 5, 50.00, '2022-03-05'),
(6, 6, 6, 6, 300.00, '2022-03-06'),
(7, 7, 7, 7, 175.00, '2022-03-07'),
(8, 8, 8, 8, 100.00, '2022-03-08'),
(9, 9, 9, 9, 75.00, '2022-03-09'),
(10, 10, 10, 10, 225.00, '2022-03-10'),
(11, 11, 11, 11, 175.00, '2022-03-11'),
(12, 12, 12, 12, 125.00, '2022-03-12'),
(13, 13, 13, 13, 100.00, '2022-03-13'),
(14, 14, 14, 14, 75.00, '2022-03-14'),
(15, 15, 15, 15, 200.00, '2022-03-15'),
(16, 16, 16, 16, 125.00, '2022-03-16'),
(17, 17, 17, 17, 150.00, '2022-03-17'),
(18, 18, 18, 18, 100.00, '2022-03-18'),
(19, 19, 19, 19, 75.00, '2022-03-19'),
(20, 20, 20, 20, 225.00, '2022-03-20');
